Model,Accuracy,Precision,Recall,F1-Score,ROC-AUC
Decision Tree,0.7922077922077922,0.7941624701828782,0.7922077922077922,0.7930473566837203,0.782685185185185
Random Forest,0.7792207792207793,0.7744982290436836,0.7792207792207793,0.7732131813764467,0.8192592592592592
