Model,Accuracy,Precision,Recall,F1-Score,ROC-AUC
Random Forest,0.8601027681087353,0.8547206683183451,0.8601027681087353,0.8544108772269153,0.909776665027811
Decision Tree,0.8533068125310791,0.8471780433830911,0.8533068125310791,0.8466216732439124,0.8988189366285988
