feature,importance,cumulative,rank
glucose,0.35132804914578214,0.35132804914578214,1
bmi,0.1737854027489525,0.5251134518947347,2
age,0.12764906985287353,0.6527625217476082,3
diabetes_pedigree,0.10818091432838117,0.7609434360759894,4
blood_pressure,0.06541799712220212,0.8263614331981914,5
pregnancies,0.06342546663163973,0.8897868998298312,6
insulin,0.059614027720119055,0.9494009275499502,7
skin_thickness,0.050599072450049756,1.0,8
